keywords	score
araber	
ausblenden	
befürworter	
abspielen	
irland	
schöpfen	
rebellenkämpfern	
themenanregungen	
kräften	
lachse	
kammer	
mensch	
vae	
andré	
papp	
faz	
syrien	
anhänger	
alling	
bedienen	
trümmer	
gesetzentwurf	
afp	
rückhalt	
vormarsch	1
hand	
fiasko	
spende	7
buch	
bürgerkrieg	
liga	
befördern	
spielen	
brennholz	
yousra	
bringen	
saif	
kriegsjahr	1
houthis	
spannung	
ergreifen	
molkerei	
federicamogherini	
widerhall	
kassara	
mohammed	
dsd	
suchen	
phase	
schabwa	
erde	
qat	
schiff	
schlfeld	1
wendunge	
sankt	
oman	
kreis	
einzunehm	1
us	
kilometer	
akuter	
berater	
geheimdiensterkenntnissen	
ignorieren	
feueren	
kreuz	
bundesanwaltschaft	
abed	
obama	
leidtragenden	
beeinflussen	
regimes	
studieren	
almahra	
khashoggi	
ishaq	
tochter	
saeed	
lenken	
abgefingen	
autoreifen	
massenmord	1
fortsetzen	
gelang	
amt	
konflikt	
irak	
modell	
beobermission	
baha	
eu	
ärzte	
ölindustrie	
verhängung	
ex	
vermittler	
lamlas	
leserdiskussion	
heimkehrer	
sicherstellen	
ammersee	
manzostraße	
matti	
stellvertreterkriegen	
moammar	
briten	
betankung	
de	
verheiraten	
mitgliedschaft	
erkundungsmission	
leyen	
saudis	
akazie	
kronprinz	
staatspartei	
landwege	
erbe	
koalitionstruppe	
sieg	
regierungsgeschäft	
verebben	
samstag	
verscharren	
fallon	
kampagne	
transparency	
krieg	1
schlepper	
solar	
verkuendet	
erkenntnisse	
cluster	
sharurah	
nothilfekoordinators	
klärung	
turki	
scheichs	
angeschoben	
waffenpause	2
sondergesandte	
führen	
ahmar	
nennen	
druck	
spitze	
vorsehen	
konflikts	
exportes	
rücken	
küste	
stc	
revolutionär	
beober	
pkr	
anerkennen	
auszuhungern	4
ikrk	
transportminister	
alarabia	
grenzschutz	
hoffnung	
erklärung	
bürger	
staat	
regional	
alasiri	
appellieren	
legitimation	
genf	
hochburg	
eingegliedern	
übergangsrats	
einigung	
realisieren	
stehen	
einlösen	
familie	
ovg	
einreichen	
äthiopien	
her	
finanzmärkt	
verharrend	
almaliki	
protestieren	
hafenschl	1
ebnen	
militärangehörige	
international	
sunnit	
nuller	
rimbaud	
tun	
partner	
angewiesen	
sanaa	
islah	
anklage	
alalimi	
hemmschuh	
entt	
bedrängnis	
jemens	
ahmad	
jambinai	
grenzstadt	
kinderärzt	
ultimatum	
verspielen	
gräbern	
gebiet	
oppositionelle	
nutzung	
schaffen	
luftwaffe	1
engagement	
chirurge	5
abwenden	
sonntagnachmittag	
widerstand	
kriegsschiffe	
flächenbrand	
klinik	5
not	
abdulla	
graf	
ereignen	
niebuhr	
haltung	
zuspitzt	
verfeinden	
twittern	
euro	
befinden	
national	
casamance	
huthi	
salisbury	
team	
sunniten	
tageszeitung	
regierungskreis	
auftakt	
zugeständnisse	
reagieren	
dementieren	
allianz	
wirtschaftsministeriums	
muhammad	
eindrücke	
kriegsausbruch	
marinemission	
rundschau	
rettungskräfte	
nehmen	
franziskus	
besitzen	
bekämpfung	
ausfliegen	
richten	
streubomben	1
islam	
benomar	
interimshauptstadt	
krähe	
drama	
ölmarkt	
unterstützung	
mächte	
falschmeldung	
kräfte	
eingreiftruppe	
freitag	
di	
ade	
plus	
mahadi	
basalma	
raisting	
armee	
gouverneur	
minus	
ministerpräsident	
mandatierung	
through	
chaled	
abnutzungskrieg	1
abul	
wagen	
benefizkonzeren	
kaffees	
parlament	
beispiel	
golf	
übergeben	
schweben	
festival	
internationalisierung	
abdo	
granica	
ansteigen	
tod	
dynamik	
mkampf	
südjemen	
auszutrag	
fällen	
flüchtlingslager	
altawal	
berbera	
vizepräsident	
präsident	
auslösen	
diesel	
internetdienst	
beziehen	
prozent	
anleger	
reiche	
expansion	
moskau	
fälschen	
demonstrieren	
abgleitet	
gefahrensituation	
gefolgsleute	
drittel	
bildung	
ministerium	
almandab	
elter	
prüfen	
müssen	
regierungstruppe	
einreise	
beging	
alfred	
kristin	
leitindex	
feedback	
schlimme	
pollyester	
brüdernation	
ziel	
regel	
saxo	
fernsehsender	
spezialeinheit	
bombenkampagne	1
informieren	
teilabzug	
polen	
kongresskammer	
sharif	
truppe	
einhegen	
mauer	
sprit	
reisebeschreibung	
putin	
shiban	
grupa	
territorium	
prim	
niebuhrs	
staatsgründung	
auto	
jahr	
erwachsene	
konfliktpartei	
badr	
starten	
schiit	
nationalgarde	
leiden	
abulsalam	
luftwaffenbasis	
hafenstadt	
stellung	
aden	
republik	
belarus	
unfähigkeit	
staatschef	
anderson	
monde	
hilfsgeldern	6
len	
leute	
lübeck	
gelasten	
vormachen	
klage	
lebensmittelprogramm	4
identität	
drittelmehrheit	
führung	
senator	
krise	
almuschait	
uss	
korrigieren	
fühlen	
reise	
land	
dominieren	
may	
exilregierung	
herrschern	
bergdörfern	
sitz	
aufklärung	
ruth	
süden	
meerenge	
spield	
granatsplitter	1
bekunden	
gutgehen	
kenteren	
staatspräsident	
morgen	
versorgung	
verteidigungsminister	
küstenwache	
luftbetankung	7
verlassen	
verlauten	
abzielen	
lager	
berufung	
arbeit	
westküste	
ölschwemme	
block	
ukraine	
verlegung	
rottensteiner	
einfluss	
endstatus	
wochenbeginn	
drachenblutbaum	
weigert	
arsenal	
einziehen	
konsum	
militärführung	
sender	
wien	
flüchtlingshilfswerk	
geheimdienst	
rufen	
eingreifen	
ali	
jim	
basalmah	
stimmen	
saud	
aktie	
partei	
abudhabi	
politiker	
regierungs	
somalia	
imam	
angespannen	
werfen	
ärzt	
berlin	
montagabend	
prozess	
fr	
dahlak	
armenhaus	
export	
dollar	
schritt	
atem	
fuer	
patagonien	
kaffee	
verüben	
din	
agency	
postrutsche	
thronfolger	
scheitern	
währungsverfall	
sisi	
lösung	
johnson	
wochenende	
kommandeur	
richtung	
asz	
resolutionsentwurf	2
mitgeholfen	
freund	
sma	
sanktionsliste	4
anstrengung	
alnimr	
besetz	
wechseln	
press	
komitee	
fregatt	
unicef	
friedensplan	2
czerwinska	
rohrbach	
hauptstadt	
unabhängigkeit	
bukold	
geschichte	
kriegsgebiet	
italia	
iranern	
zurückhaltung	
wirft	
entsendung	
inland	
beschießen	1
hoffen	
anti	
adens	
mittwoch	
öffnen	
hochdruck	
hafen	
lambrecht	
erzählen	
generalkoordinator	
vermisster	
nordjemen	
wiederzubeleben	
wende	
hisham	
chaos	
flucht	
französin	
hadi	
online	
einmarsch	
usa	
lebensgefahr	
beschluss	
israel	
moosmüller	
versichern	
rüstungsmanager	
emirat	
genehmigung	7
staatsoberhäupter	
wiederetzen	
stämm	
jemenkrieg	
krummdolch	
widmen	
überwachung	
öl	
veto	
umwälzung	
kürzen	
notfall	
satire	
raad	
regime	
versinken	
bestrafen	
handel	
bewaffnen	
zubaidi	
amerika	
schlichten	2
arabellion	
hodaida	
achim	
gegenwind	
uno	
verrat	
täter	
grenze	
ipp	
köln	
schweden	
angst	
anhörungen	
alchadr	
krisenstab	
mitglied	
separatisen	
brendan	
cdu	
verlieren	
tor	
washington	
frage	
familienangehörig	
mann	
cmei	
khawlani	
sterbebett	
stützpunken	
schaden	
meer	
world	
streitkraft	
konvoi	
kläger	
migrant	
berichten	
residenz	
förderung	
ausflieg	
mandeb	
trieb	
stellunge	
hegemonie	
akut	
notstand	
bilden	
net	
einleiten	
rat	
formierung	
vorstellen	
zurückwerfen	
votieren	
kongresses	
entwurf	
szene	
lernen	
cammaeren	
schief	
mitarbeiter	
stätte	
gelten	
huzeifi	
übertragen	
belehrungen	
schäde	
arabien	
riß	
absetzen	
chränkungen	
sezessionist	
sonderatzkräft	
nachfolger	
wintergarten	
jemer	
verlangen	
donnerstag	
text	
geistlich	
opferzahle	
bewegung	
handelsmarine	
kürze	
naechste	
hubschrauber	
morphosys	
tanz	
gefragt	
notsituation	
brigadegeneral	
befreien	
ausmalen	
sammelpunkt	
nachrichtenseit	
terrasse	
rakete	1
zurücktreten	
alemadi	
kushner	
posten	
hudeidah	
ölproduzent	
tec	
kongress	
wellengang	
augenzeuge	
umsetzen	
königreich	
entmen	
komplexität	
abrupt	
tagen	
münchner	
omid	
samedy	
anschein	
bäumer	
deutsche	
ad	
alhuzeifi	
fahrer	
essen	
martin	
doha	
bild	
riad	
new	
zugang	
gefahrenzone	
einlegen	
geberland	
beobung	
brauchen	
kampferfolg	1
iren	
besuchen	
regierungsbeamter	
wichtiges	
germanwings	
präsidialrat	2
beteiligen	
geisel	
ambition	
hochkommissar	
perser	
rwm	
zurückfinden	
weiterziehen	
carsten	
rebellenstadt	
bombenkrieg	1
fluchtbewegung	
arzt	
kommandant	
todesopfer	
facebook	
staatsbürger	
monarchium	
gefangennahme	
rendite	
bemühung	
untermenzing	
öltank	
entschlossen	
lachs	
piraterie	
wächtler	
vermittlungsinitiative	2
rivalität	
bundesrichter	
journalistin	
geheimen	
noise	
slam	
kapern	
imperialismus	
mwechsel	
jude	
entstehen	
überangebot	
gültigkeit	
jly	
militärstützpunkt	
brien	
beschuss	
dohaim	
filmemacherin	
un	
abseitsstehen	
triumphieren	
südkorea	
moosach	
großbritannien	
flüchtling	
erdgas	
bestätigen	
mahra	
reichweite	
senegal	
mord	
nimr	
gabriels	
angebot	
kaffeebohn	
teheran	
kanzlerin	
völkerrecht	
streitkräfte	
autonomie	
einmischen	
militärflugzeug	
carmen	
welternährungsprogramm	4
stellvertreter	
stadt	
transportmittel	
staatengemchaft	
ölpreises	
ehemann	
bruder	
verd	
rente	
department	
vollmen	
verwickeln	
iran	
verteidigungsministerin	
rebellen	
sprecherin	
abstimmen	
wüstenkriegern	
twitt	
entführungsfäll	
weltpolizist	
hygiene	
münster	
abbas	
rediske	
wort	
getreuen	
investieren	
hotspot	
vergeltungsangriffen	1
befugnis	
montag	
hai	
militärkreisen	
vorgehen	
verlegen	
jet	
versteckspiel	
katjuscha	
nouripour	
verbünden	
mikhlafi	
rett	
somalier	
außenamtssprecherin	
gefloh	
haq	
jährigen	
regionalm	
behördenvertreter	
ähnlich	
luxusgüter	
ap	
exil	
eindrücken	
siegestaumel	
amtssitz	
zusammengewachsen	
sonderbotschafter	
stellvertreterkampf	
iom	
birott	
einnehmen	
kontingent	
heimatländer	
rheinmetall	7
stimmung	
außenministerium	
häfe	
senatore	
alliierter	
amnesty	
übergangsrat	
separatist	
angliedern	
ausbleiben	
arabiens	
wolkenkratzern	
alhaifi	
ausstellung	
aldailami	
zurückkehren	
herausholen	
dörfern	
schlagen	
zukunft	
tipp	
antarctic	
sicherung	
westen	
zerfall	
radaranlag	
pelosi	
märchen	
bundesanleihen	
oberkommando	
ausrufen	
levante	
hodeidah	
kriegsallianz	
vergangenheit	
lt	
satellitenbildern	
milizionären	
vortag	
facebookseite	2
debatte	
bahah	
awards	
aufenthaltsort	
index	
seeweg	
gefaelschte	2
ertrinken	
zentrum	
saadeh	
versuch	
reiseautorin	
videoaufnahmen	
djibouti	
preis	
uhr	
handlungsbedarf	
singles	
gouvernement	
rolle	
gewässer	
stoßen	
ausgeflog	
bezahlen	
martins	
waffen	7
korruption	
vorherrschaft	
saudiarabien	
ver	
kälte	
daghr	
übersetzung	
regierung	
abzug	
geschehniss	
thiès	
stationieren	
kommentar	
pelkovenschlössl	
gelingen	
masirah	
mohsen	
ruhani	
flüchtlingsboote	
brief	
verstärkung	
initiative	
ausbildung	
tariq	
alqadhi	
kentern	
welt	
greifen	
wichtige	
lässen	
golfstaaten	
abklinge	
inspizieren	
anzünden	
waffengeschäfte	7
tausend	
alatmi	
schätzen	
deutschland	
einlass	
würdigen	
ausländer	
meeresenge	
verteidigungsministerium	
kategorie	
arrangieren	
fing	
milize	
peinigen	
omeisy	
verletzter	
bodenoffensive	1
vetomächte	
zentimet	
farhan	
goldberg	
insel	
unglück	
huthis	
photo	
antreten	
gfk	
volte	
schauplatz	
südspitze	
abschuss	
retten	
mbasis	
rettungsaktion	
chalten	
fahrzeug	
kollege	
lehrling	
einheit	
pakistan	
streben	
khaled	
ziehen	
kampfjets	
drohnenattacker	1
rog	
nawaz	
radiosender	
katar	
ertrunken	
geben	
desaster	
aktienmarkt	
verpflichten	
nachbarstaat	
steigern	
militärangriffe	1
offizier	
airbus	
marineeinheit	
präsidentenpalast	
islamabad	
tag	
general	
sebastian	
kind	
manama	
adeel	
sigmargabriel	
pca	
europa	
schießen	1
hafens	
unterbinden	
trennlini	
zeichen	
muster	
pentagon	
feuern	
angeschuldigt	
versenken	
falling	
medizin	5
ayatollah	
regieren	
erwischen	
blick	
lachsfischen	
poetry	
zusammenkommen	
korruptionsindex	
südsudan	
einheitsregierung	
haley	
endlich	
schiller	
dividende	
vorkommnisse	
gesellschaft	
milizen	
formieren	
wasser	
küstenwachboot	
demokrat	
niedergehen	
hrw	
houthi	
bodenoperation	
rückschlag	1
entschließung	
leiten	
sonderbeauftragten	
zahl	
luftwaffenstützpunkt	
atz	
antwort	
truppenreduzierung	
griffiths	
landsleuen	
emirate	
interreligiös	
vorstoß	
osten	
almuslimi	
einzelheit	
verkünden	
autor	
regierungsberater	
person	
enthaltung	
daten	
dritter	
südarabien	
erschießen	1
stillhart	
republikaner	
senat	
waffe	
ausland	
ban	
militärintervention	1
koordinatorin	
getötet	1
kommentieren	
gerettet	
ölpreis	
stellvertreterkrieg	
sos	
charterflüge	
stellungen	
berichte	
wohnung	
bereitet	
almukalla	
dream	
religion	
beteiligung	
lasse	
beenden	
alten	
navanti	
hinrichtung	
rücktritt	
stütze	
volkskongress	
stagnieren	
papst	
federführung	
todesurteil	
hizbullah	
islamistengruppe	
verhalten	
überstimmen	
sz	
entdecken	
sonntag	
entscheidung	
gebäude	
fallschirmjäger	
gipfel	
asgaard	
frdu	
barrel	
gewinner	
beschädigung	
york	
könig	
fahrzeuge	
anhaltspunkt	
vergrößern	
kinderhilfswerk	
chamis	
adidas	
botschafter	
tornado	
muslimbrüder	
holzfäller	
kritik	
alharazi	
lagers	
repräsentantenhaus	
opfer	
baschir	
ostafrika	
vortragen	
erhöhung	
militärflughafen	
schondorf	
beschließen	
fortschritt	
weltpolitik	
fürjemen	
abgeordnetenhaus	
unterbringen	
evakuierungs	
königin	
glück	
schnitt	
verzichten	
verteidigungsministeriums	
boot	
abdelmalik	
regierungssitz	
koalitionsflugzeuge	
rückzug	
hotel	
aufstandsbewegung	
boosaaso	
detonation	
komponist	
amirabdullahian	
albtraum	
verhinderung	
abgewickeln	
verschlechtern	
taliban	
etzen	
gericht	
sicherheitskräft	
zurückzudrängen	
geburtstag	
autorin	
sedlmeier	
versicherungsfrag	
jobbeschreibung	
risikobereitschaft	
regierungschef	
le	
seite	
flughafen	
csu	
alghad	
biologin	
kinderdörfern	
jemen	
vater	
angehörig	
angaben	
wiederherstellen	
hodeidahh	
salih	
krankenhäusern	
million	
gcc	
verletzen	
ed	
prinz	
landwirtschaftsorganisation	
bodenkämpfe	1
anbau	
geräumt	
said	
kontaktmöglichkeit	
eigendynamik	
pompeo	
merkel	
manlernähren	4
peace	2
stephen	
resolution	
isa	
nutznießer	
umfang	
mächt	
koalitionsverhandlung	7
dschasan	
anfahren	
erholen	
benzin	
auswertung	
ausrüstung	7
gesundheitssystems	
sicherheitsrat	
gesandte	
jemenin	
brand	
grande	
perspektivlosigkeit	
hausgemachen	
singapur	
bundeswehr	
albuchaiti	
leben	
verunsichern	
analystin	
zerstörung	1
samstagmorg	
miliz	
vormächn	
hilfsappell	
anad	
jewish	
staatsgründer	
nation	
botschaft	
guterres	
ort	
entführungen	
alhussein	
tunesien	
dax	
führungsgremium	
journalist	
punkt	
mandat	
senegals	
gehen	
emirati	
hussein	
solidarität	
zuschieben	
sinken	
trump	
titel	
ursula	
deutsch	
stories	
högl	
marib	
marinekommandeur	
voranzuschreiten	
marschflugkörpern	7
migration	
standgehalten	
unhcr	
versäumnis	
salman	
dschibuti	
zwischenfall	
separatistenmiliz	
koalition	
region	
wolfgang	
opposition	
krisenstuf	
militärberater	
dialog	
nadelstreifen	
chränken	
donnerstagnachmittag	
bündnis	
erschoss	1
härt	
kontrolle	
nahrungsmittelunsicherheit	4
ndiaye	
versicherung	
provokation	
wiedereröffnung	
option	
beistand	
schiiten	